 League,Year,Season,Type,blueTeamTag,bResult,rResult,redTeamTag,gamelength,blueTop,blueTopChamp,blueJungle,blueJungleChamp,blueMiddle,blueMiddleChamp,blueADC,blueADCChamp,blueSupport,blueSupportChamp,redTop,redTopChamp,redJungle,redJungleChamp,redMiddle,redMiddleChamp,redADC,redADCChamp,redSupport,redSupportChamp,Address
WC,2017,Summer,International,SKT,1,0,C9,27,Huni,Maokai,Peanut,JarvanIV,Faker,Cassiopeia,Bang,KogMaw,Wolf,Janna,Impact,Nautilus,Contractz,RekSai,Jensen,Ryze,Sneaky,Tristana,Smoothie,Lulu,http://matchhistory.na.leagueoflegends.com/en/#match-details/TRLH1/1002390223?gameHash=ec6e9d7a3ed5d7ae
WC,2017,Summer,International,EDG,0,1,AHQ,54,Mouse,Shen,Clearlove7,Sejuani,Scout,Lucian,iBoy,KogMaw,Meiko,Lulu,Ziv,Chogath,Mountain,Gragas,Westdoor,Corki,An,Twitch,Albis,Janna,http://matchhistory.na.leagueoflegends.com/en/#match-details/TRLH1/1002390235?gameHash=c189dadf45a5bc18
WC,2017,Summer,International,AHQ,0,1,C9,32,Ziv,Maokai,Mountain,JarvanIV,Westdoor,Cassiopeia,AN,KogMaw,Albis,Lulu,Impact,Nautilus,Contractz,Ezreal,Jensen,Ryze,Sneaky,Xayah,Smoothie,Janna,http://matchhistory.na.leagueoflegends.com/en/#match-details/TRLH1/1002380216?gameHash=23ce4724b19ff4f4
WC,2017,Summer,International,EDG,0,1,SKT,45,Mouse,Rumble,Clearlove7,RekSai,Scout,Lucian,iBoy,Xayah,Meiko,Janna,Huni,Chogath,Peanut,JarvanIV,Faker,Orianna,Bang,Twitch,Wolf,Rakan,http://matchhistory.na.leagueoflegends.com/en/#match-details/TRLH1/1002380220?gameHash=f50a7c147d2973d4
WC,2017,Summer,International,SKT,1,0,AHQ,40,Huni,Chogath,Peanut,Sejuani,Faker,Fizz,Bang,Twitch,Wolf,Lulu,Ziv,Maokai,Mountain,Gragas,Chawy,Syndra,AN,Xayah,Albis,Janna,http://matchhistory.na.leagueoflegends.com/en/#match-details/TRLH1/1002390407?gameHash=ed6d163cd8300431
WC,2017,Summer,International,C9,1,0,EDG,39,Impact,Shen,Contractz,Graves,Jensen,Syndra,Sneaky,Xayah,Smoothie,Lulu,Mouse,Chogath,Clearlove7,JarvanIV,Scout,Lucian,iBoy,Varus,Meiko,Rakan,http://matchhistory.na.leagueoflegends.com/en/#match-details/TRLH1/1002390418?gameHash=90e4cd74c1a4e2c1
WC,2017,Summer,International,AHQ,1,0,SKT,38,Ziv,Shen,Mountain,Sejuani,Westdoor,Fizz,AN,KogMaw,Albis,Janna,Huni,JarvanIV,Peanut,Gragas,Faker,Kassadin,Bang,Varus,Wolf,Lulu,http://matchhistory.na.leagueoflegends.com/en/#match-details/TRLH1/1002390761?gameHash=13d70884112f347c
WC,2017,Summer,International,EDG,1,0,C9,36,Mouse,Maokai,Clearlove7,JarvanIV,Scout,Galio,iBoy,Caitlyn,Meiko,Lulu,Impact,Chogath,Contractz,Graves,Jensen,Ryze,Sneaky,KogMaw,Smoothie,Janna,http://matchhistory.na.leagueoflegends.com/en/#match-details/TRLH1/1002380472?gameHash=f1de6926d1476c08
WC,2017,Summer,International,AHQ,0,1,EDG,25,Ziv,Jayce,Mountain,Sejuani,Chawy,Ryze,AN,KogMaw,Albis,Janna,Mouse,Maokai,Clearlove7,JarvanIV,Scout,Syndra,iBoy,Twitch,Meiko,Lulu,http://matchhistory.na.leagueoflegends.com/en/#match-details/TRLH1/1002380481?gameHash=dcca81d9204a4ba6
WC,2017,Summer,International,C9,0,1,SKT,40,Impact,Maokai,Contractz,Ezreal,Jensen,Syndra,Sneaky,Xayah,Smoothie,Janna,Huni,Jayce,Blank,JarvanIV,Faker,Fizz,Bang,Twitch,Wolf,Lulu,http://matchhistory.na.leagueoflegends.com/en/#match-details/TRLH1/1002380485?gameHash=7a6d442651b3774a
WC,2017,Summer,International,C9,1,0,AHQ,25,Impact,Gnar,Contractz,Gragas,Jensen,Leblanc,Sneaky,Caitlyn,Smoothie,Janna,Ziv,Maokai,Mountain,JarvanIV,Westdoor,Fizz,AN,Twitch,Albis,Karma,http://matchhistory.na.leagueoflegends.com/en/#match-details/TRLH1/1002380496?gameHash=9241616d73daf704
WC,2017,Summer,International,SKT,1,0,EDG,39,Huni,Trundle,Blank,Sejuani,Faker,Orianna,Bang,Twitch,Wolf,Janna,Mouse,Maokai,Clearlove7,Gragas,Scout,Leblanc,iBoy,Tristana,Meiko,Lulu,http://matchhistory.na.leagueoflegends.com/en/#match-details/TRLH1/1002380500?gameHash=54e643f62a9ba61d
WC,2017,Summer,International,LZ,1,0,IMT,31,Khan,JarvanIV,Cuzz,Khazix,Bdd,Taliyah,Pray,Tristana,GorillA,Karma,Flame,Maokai,Xmithie,Ezreal,Pobelter,Ryze,Cody Sun,Varus,Olleh,Morgana,http://matchhistory.na.leagueoflegends.com/en/#match-details/TRLH1/1002390201?gameHash=908f760eae1d89bb
WC,2017,Summer,International,FNC,0,1,GAM,25,sOAZ,Maokai,Broxah,Elise,Caps,Ryze,Rekkles,Varus,Jesiz,Karma,Archie,Galio,Levi,Nocturne,Optimus,Kassadin,Noway,Tristana,Nevan,Lulu,http://matchhistory.na.leagueoflegends.com/en/#match-details/TRLH1/1002390211?gameHash=f8e68ec8c68e3833
WC,2017,Summer,International,IMT,1,0,FNC,51,Flame,Jayce,Xmithie,Gragas,Pobelter,Taliyah,Cody Sun,KogMaw,Olleh,Janna,sOAZ,Chogath,Broxah,LeeSin,Caps,Ryze,Rekkles,Twitch,Jesiz,Lulu,http://matchhistory.na.leagueoflegends.com/en/#match-details/TRLH1/1002380204?gameHash=57f7984262af06bf
WC,2017,Summer,International,LZ,1,0,GAM,24,Khan,JarvanIV,Cuzz,Gragas,BDD,Ryze,Pray,Xayah,GorillA,Rakan,Archie,Mordekaiser,Levi,Chogath,Optimus,Lucian,Noway,Tristana,Nevan,Karma,http://matchhistory.na.leagueoflegends.com/en/#match-details/TRLH1/1002380208?gameHash=81100f59a1c4aa8c
WC,2017,Summer,International,GAM,0,1,IMT,40,Archie,Chogath,Levi,Kayn,Optimus,Ryze,Noway,KogMaw,Nevan,Lulu,Flame,Shen,Xmithie,Gragas,Pobelter,Syndra,Cody Sun,Xayah,Olleh,Rakan,http://matchhistory.na.leagueoflegends.com/en/#match-details/TRLH1/1002390457?gameHash=31deac0c458aabd1
WC,2017,Summer,International,FNC,0,1,LZ,21,sOAZ,Maokai,Broxah,Sejuani,Caps,Syndra,Rekkles,Tristana,Jesiz,Rakan,Khan,Nasus,Cuzz,Gragas,BDD,Galio,Pray,Varus,GorillA,Janna,http://matchhistory.na.leagueoflegends.com/en/#match-details/TRLH1/1002390468?gameHash=1a62f5eb1e08fa36
WC,2017,Summer,International,IMT,0,1,GAM,32,Flame,Shen,Xmithie,Gragas,Pobelter,Ryze,Cody Sun,KogMaw,Olleh,Janna,Archie,Urgot,Levi,Kayn,Optimus,Syndra,Noway,Ashe,Sya,Lulu,http://matchhistory.na.leagueoflegends.com/en/#match-details/TRLH1/1002380319?gameHash=5154a2bb8b2bb254
WC,2017,Summer,International,LZ,1,0,FNC,32,Khan,Jayce,Cuzz,Sejuani,Bdd,Ryze,Pray,KogMaw,GorillA,Lulu,sOAZ,Renekton,Broxah,RekSai,Caps,Syndra,Rekkles,Twitch,Jesiz,Sona,http://matchhistory.na.leagueoflegends.com/en/#match-details/TRLH1/1002380323?gameHash=29e9ccc11bdfb4b3
WC,2017,Summer,International,FNC,1,0,IMT,38,sOAZ,Nautilus,Broxah,RekSai,Caps,Cassiopeia,Rekkles,Xayah,Jesiz,Janna,Flame,Maokai,Xmithie,Ezreal,Pobelter,Orianna,Cody Sun,Tristana,Olleh,Lulu,http://matchhistory.na.leagueoflegends.com/en/#match-details/TRLH1/1002380330?gameHash=2afeb9b1f9b4c1f8
WC,2017,Summer,International,GAM,0,1,LZ,49,Archie,Galio,Levi,Rengar,Optimus,Syndra,Noway,Xayah,Sya,Zilean,Khan,JarvanIV,Cuzz,Gragas,Bdd,Ryze,Pray,Varus,GorillA,Rakan,http://matchhistory.na.leagueoflegends.com/en/#match-details/TRLH1/1002380331?gameHash=934a8d5ff50bde4c
WC,2017,Summer,International,GAM,0,1,FNC,31,Archie,Urgot,Levi,Kayn,Optimus,Corki,Noway,Xayah,Sya,Lulu,sOAZ,Chogath,Broxah,RekSai,Caps,Syndra,Rekkles,Twitch,Jesiz,Rakan,http://matchhistory.na.leagueoflegends.com/en/#match-details/TRLH1/1002380336?gameHash=6a70e4c678f1d4f6
WC,2017,Summer,International,IMT,0,1,LZ,51,Flame,Chogath,Xmithie,Sejuani,Pobelter,Corki,Cody Sun,Tristana,Olleh,Lulu,Rascal,Shen,Cuzz,JarvanIV,Bdd,Taliyah,Pray,Varus,GorillA,Janna,http://matchhistory.na.leagueoflegends.com/en/#match-details/TRLH1/1002380337?gameHash=117e4b42afe8ffc3
WC,2017,Summer,International,FNC,1,0,IMT,28,sOAZ,Chogath,Broxah,RekSai,Caps,Malzahar,Rekkles,Tristana,Jesiz,Janna,Flame,Trundle,Xmithie,Ezreal,Pobelter,Ryze,Cody Sun,Twitch,Olleh,Lulu,http://matchhistory.na.leagueoflegends.com/en/#match-details/TRLH1/1002390592?gameHash=f2b6174ea49ca4fa
WC,2017,Summer,International,GAM,0,1,FNC,44,Archie,Maokai,Levi,Sejuani,Optimus,Orianna,Noway,Tristana,Sya,Rakan,sOAZ,Gnar,Broxah,Elise,Caps,Syndra,Rekkles,Sivir,Jesiz,Lulu,http://matchhistory.na.leagueoflegends.com/en/#match-details/TRLH1/1002390599?gameHash=2f05890d1bc371be
WC,2017,Summer,International,RNG,1,0,FB,39,Letme,Chogath,Mlxg,RekSai,Xiaohu,Ryze,Uzi,KogMaw,Ming,Janna,Thaldrin,Maokai,Crash,Nidalee,Frozen,Syndra,Padden,Tristana,Japone,Lulu,http://matchhistory.na.leagueoflegends.com/en/#match-details/TRLH1/1002390182?gameHash=fe22068b2ddd0c82
WC,2017,Summer,International,G2,0,1,SSG,28,Expect,Shen,Trick,Ivern,Perkz,Corki,Zven,Xayah,Mithy,Alistar,CuVee,Chogath,Ambition,Gragas,Crown,Taliyah,Ruler,Varus,CoreJJ,Taric,http://matchhistory.na.leagueoflegends.com/en/#match-details/TRLH1/1002390191?gameHash=ad5fb66b7bc262d9
WC,2017,Summer,International,G2,1,0,FB,33,Expect,Trundle,Trick,Gragas,Perkz,Ryze,Zven,Tristana,mithy,Lulu,Thaldrin,Chogath,Crash,Sejuani,Frozen,Cassiopeia,Padden,KogMaw,Japone,Janna,http://matchhistory.na.leagueoflegends.com/en/#match-details/TRLH1/1002390376?gameHash=0e3e45dd338aacec
WC,2017,Summer,International,SSG,0,1,RNG,28,CuVee,Maokai,Ambition,Sejuani,Crown,Ryze,Ruler,Twitch,CoreJJ,Rakan,Letme,Galio,Mlxg,JarvanIV,Xiaohu,Syndra,Uzi,Tristana,Ming,Janna,http://matchhistory.na.leagueoflegends.com/en/#match-details/TRLH1/1002390388?gameHash=36aa722da2e3431e
WC,2017,Summer,International,FB,0,1,SSG,49,Thaldrin,Chogath,Crash,Sejuani,Frozen,Ekko,Padden,Xayah,Japone,Janna,CuVee,Trundle,Haru,Ezreal,Crown,Syndra,Ruler,Tristana,CoreJJ,Lulu,http://matchhistory.na.leagueoflegends.com/en/#match-details/TRLH1/1002390478?gameHash=829c67b51d42d9b7
WC,2017,Summer,International,RNG,1,0,G2,45,Letme,Maokai,Mlxg,Sejuani,Xiaohu,Jayce,Uzi,Twitch,Ming,Janna,Expect,Gnar,Trick,RekSai,Perkz,Ryze,Zven,Tristana,mithy,Lulu,http://matchhistory.na.leagueoflegends.com/en/#match-details/TRLH1/1002390488?gameHash=7ee50d711e538cd9
WC,2017,Summer,International,G2,1,0,RNG,28,Expect,Chogath,Trick,Sejuani,Perkz,Corki,Zven,Tristana,mithy,Lulu,Letme,Maokai,Mlxg,RekSai,Xiaohu,Syndra,Uzi,KogMaw,Ming,Janna,http://matchhistory.na.leagueoflegends.com/en/#match-details/TRLH1/1002390613?gameHash=d46563b3c5b4359e
WC,2017,Summer,International,SSG,1,0,FB,34,CuVee,Chogath,Ambition,Khazix,Crown,Malzahar,Ruler,Xayah,CoreJJ,Janna,Thaldrin,Galio,Crash,RekSai,Frozen,Kassadin,Padden,Tristana,Japone,Rakan,http://matchhistory.na.leagueoflegends.com/en/#match-details/TRLH1/1002380358?gameHash=4c1747782707fdae
WC,2017,Summer,International,SSG,1,0,G2,45,CuVee,Chogath,Ambition,Khazix,Crown,Galio,Ruler,Twitch,CoreJJ,Lulu,Expect,Maokai,Trick,Zac,Perkz,Ryze,Zven,KogMaw,mithy,Janna,http://matchhistory.na.leagueoflegends.com/en/#match-details/TRLH1/1002380365?gameHash=2c54caf29bf190f3
WC,2017,Summer,International,FB,0,1,RNG,27,Thaldrin,Maokai,Crash,Gragas,Frozen,Syndra,Padden,Tristana,Japone,Rakan,Letme,Chogath,Mlxg,Sejuani,Xiaohu,Galio,Uzi,Vayne,Ming,Lulu,http://matchhistory.na.leagueoflegends.com/en/#match-details/TRLH1/1002380366?gameHash=ad87cecc911eb740
WC,2017,Summer,International,FB,0,1,G2,53,Thaldrin,Maokai,Crash,Sejuani,Frozen,Taliyah,Padden,Tristana,Japone,Lulu,Expect,Chogath,Trick,JarvanIV,Perkz,Yasuo,Zven,Varus,mithy,Janna,http://matchhistory.na.leagueoflegends.com/en/#match-details/TRLH1/1002380372?gameHash=63dec060cbc7f837
WC,2017,Summer,International,RNG,1,0,SSG,33,Letme,Rumble,Mlxg,LeeSin,Xiaohu,Galio,Uzi,Tristana,Ming,Janna,CuVee,Camille,Ambition,Sejuani,Crown,Syndra,Ruler,Varus,CoreJJ,Lulu,http://matchhistory.na.leagueoflegends.com/en/#match-details/TRLH1/1002380375?gameHash=73f829ab50cfc077
WC,2017,Summer,International,FW,0,1,TSM,54,MMD,Chogath,Karsa,Sejuani,Maple,Corki,Betty,Varus,SwordArT,Taric,Hauntzer,Gnar,Svenskeren,Gragas,Bjergsen,Syndra,Doublelift,Tristana,Biofrost,Lulu,http://matchhistory.na.leagueoflegends.com/en/#match-details/TRLH1/1002380186?gameHash=53273aa4c96d6c65
WC,2017,Summer,International,WE,1,0,MSF,27,957,Maokai,Condi,JarvanIV,xiye,Leblanc,Mystic,Xayah,Ben,Janna,Alphari,Chogath,Maxlore,Sejuani,PowerOfEvil,Corki,Hans Sama,Tristana,IgNar,Lulu,http://matchhistory.na.leagueoflegends.com/en/#match-details/TRLH1/1002380197?gameHash=5c57630cad44e928
WC,2017,Summer,International,TSM,1,0,WE,35,Hauntzer,Chogath,Svenskeren,Gragas,Bjergsen,Corki,Doublelift,Tristana,Biofrost,Rakan,957,Shen,Condi,Sejuani,xiye,Syndra,Mystic,Xayah,Ben,Taric,http://matchhistory.na.leagueoflegends.com/en/#match-details/TRLH1/1002390351?gameHash=38ec03c78e49db35
WC,2017,Summer,International,FW,0,1,MSF,47,MMD,Chogath,Karsa,Gragas,Maple,Corki,Betty,Jinx,SwordArT,Lulu,Alphari,Trundle,Maxlore,Sejuani,PowerOfEvil,Orianna,Hans Sama,KogMaw,IgNar,Janna,http://matchhistory.na.leagueoflegends.com/en/#match-details/TRLH1/1002390361?gameHash=7aceed6dc866f2b5
WC,2017,Summer,International,WE,1,0,FW,33,957,Rumble,Condi,Gragas,xiye,Galio,Mystic,Twitch,Ben,Janna,MMD,Shen,Karsa,JarvanIV,Maple,Vladimir,Betty,Tristana,SwordArT,Taric,http://matchhistory.na.leagueoflegends.com/en/#match-details/TRLH1/1002390437?gameHash=1641738d9a6750f6
WC,2017,Summer,International,MSF,1,0,TSM,46,Alphari,Shen,Maxlore,Gragas,PowerOfEvil,Leblanc,Hans Sama,Xayah,IgNar,Janna,Hauntzer,Renekton,Svenskeren,Sejuani,Bjergsen,Syndra,Doublelift,KogMaw,Biofrost,Nami,http://matchhistory.na.leagueoflegends.com/en/#match-details/TRLH1/1002390449?gameHash=4a5b7837b180cb69
WC,2017,Summer,International,MSF,1,0,FW,41,Alphari,Chogath,Maxlore,Gragas,PowerOfEvil,Cassiopeia,Hans Sama,Xayah,IgNar,Thresh,MMD,Shen,Karsa,JarvanIV,Maple,Ryze,Betty,Tristana,SwordArT,Rakan,http://matchhistory.na.leagueoflegends.com/en/#match-details/TRLH1/1002390678?gameHash=d4f91503db875342
WC,2017,Summer,International,WE,1,0,TSM,25,957,Rumble,Condi,Sejuani,xiye,Jayce,Mystic,Caitlyn,Ben,Janna,Hauntzer,Chogath,Svenskeren,JarvanIV,Bjergsen,Ryze,Doublelift,Twitch,Biofrost,Lulu,http://matchhistory.na.leagueoflegends.com/en/#match-details/TRLH1/1002380411?gameHash=6462c32f02f519f7
WC,2017,Summer,International,FW,0,1,WE,28,MMD,Shen,Karsa,JarvanIV,Maple,Orianna,Betty,Xayah,SwordArT,Lulu,957,Chogath,Condi,Gragas,xiye,Corki,Mystic,Caitlyn,Ben,Janna,http://matchhistory.na.leagueoflegends.com/en/#match-details/TRLH1/1002380417?gameHash=27c957c7644ee0d8
WC,2017,Summer,International,TSM,1,0,MSF,40,Hauntzer,Gnar,Svenskeren,Sejuani,Bjergsen,Cassiopeia,Doublelift,Twitch,Biofrost,Rakan,Alphari,Yasuo,Maxlore,JarvanIV,PowerOfEvil,Ryze,Hans Sama,Xayah,IgNar,Blitzcrank,http://matchhistory.na.leagueoflegends.com/en/#match-details/TRLH1/1002380421?gameHash=da147ddde340bd52
WC,2017,Summer,International,TSM,0,1,FW,25,Hauntzer,Chogath,Svenskeren,Gragas,Bjergsen,Cassiopeia,Doublelift,Tristana,Biofrost,Lulu,MMD,Renekton,Karsa,Sejuani,Maple,Corki,Betty,KogMaw,SwordArT,Janna,http://matchhistory.na.leagueoflegends.com/en/#match-details/TRLH1/1002380428?gameHash=b9208735d0315884
WC,2017,Summer,International,MSF,0,1,WE,45,Alphari,Maokai,Maxlore,RekSai,PowerOfEvil,Cassiopeia,Hans Sama,Varus,IgNar,Janna,957,Chogath,Condi,Sejuani,xiye,Lucian,Mystic,KogMaw,Ben,Lulu,http://matchhistory.na.leagueoflegends.com/en/#match-details/TRLH1/1002380436?gameHash=66a9e29202902089
WC,2017,Summer,International,MSF,1,0,TSM,31,Alphari,Chogath,Maxlore,Gragas,PowerOfEvil,Orianna,Hans Sama,Xayah,IgNar,Taric,Hauntzer,Jayce,Svenskeren,Sejuani,Bjergsen,Ryze,Doublelift,KogMaw,Biofrost,Karma,http://matchhistory.na.leagueoflegends.com/en/#match-details/TRLH1/1002380443?gameHash=8087accf2f32c361
WC,2017,Summer,International,LZ,0,1,SSG,45,Khan,Jax,Cuzz,JarvanIV,Bdd,Syndra,PraY,Xayah,GorillA,Thresh,CuVee,Kennen,Ambition,Sejuani,Crown,Malzahar,Ruler,Tristana,CoreJJ,Rakan,http://matchhistory.na.leagueoflegends.com/en/#match-details/TRLH3/1002290025?gameHash=ccc16d4b994672b2
WC,2017,Summer,International,LZ,0,1,SSG,30,Khan,Chogath,Cuzz,JarvanIV,Bdd,Orianna,PraY,Varus,GorillA,Lulu,CuVee,Shen,Ambition,Sejuani,Crown,Taliyah,Ruler,Tristana,CoreJJ,Taric,http://matchhistory.na.leagueoflegends.com/en/#match-details/TRLH3/1002290033?gameHash=35d44733aadca739
WC,2017,Summer,International,SSG,1,0,LZ,34,CuVee,Shen,Ambition,Sejuani,Crown,Lissandra,Ruler,Tristana,CoreJJ,Taric,Khan,Trundle,Cuzz,Gragas,Bdd,Taliyah,PraY,Varus,GorillA,Rakan,http://matchhistory.na.leagueoflegends.com/en/#match-details/TRLH3/1002290034?gameHash=8456a15e54ef0fa1
WC,2017,Summer,International,SKT,1,0,MSF,26,Huni,Jayce,Peanut,Sejuani,Faker,Galio,Bang,Caitlyn,Wolf,Trundle,Alphari,Rumble,Maxlore,JarvanIV,PowerOfEvil,Ryze,Hans Sama,Tristana,IgNar,Taric,http://matchhistory.na.leagueoflegends.com/en/#match-details/TRLH3/1002300059?gameHash=5b203758165709fc
WC,2017,Summer,International,MSF,1,0,SKT,27,Alphari,Gnar,Maxlore,Sejuani,PowerOfEvil,Karma,Hans Sama,Tristana,IgNar,Blitzcrank,Huni,Chogath,Peanut,JarvanIV,Faker,Corki,Bang,KogMaw,Wolf,Taric,http://matchhistory.na.leagueoflegends.com/en/#match-details/TRLH3/1002300075?gameHash=af7b2def23f2fb55
WC,2017,Summer,International,SKT,0,1,MSF,41,Huni,Jayce,Blank,Gragas,Faker,Taliyah,Bang,Vayne,Wolf,Lulu,Alphari,JarvanIV,Maxlore,Ivern,PowerOfEvil,Orianna,Hans Sama,Tristana,IgNar,Leona,http://matchhistory.na.leagueoflegends.com/en/#match-details/TRLH3/1002300076?gameHash=3d27b84047a3497b
WC,2017,Summer,International,MSF,0,1,SKT,38,Alphari,Chogath,Maxlore,Sejuani,PowerOfEvil,Karma,Hans Sama,Sivir,IgNar,Alistar,Huni,Trundle,Blank,JarvanIV,Faker,Ryze,Bang,Tristana,Wolf,Braum,http://matchhistory.na.leagueoflegends.com/en/#match-details/TRLH3/1002300078?gameHash=866b389e3f3cafec
WC,2017,Summer,International,SKT,1,0,MSF,38,Huni,Jayce,Blank,JarvanIV,Faker,Taliyah,Bang,Tristana,Wolf,TahmKench,Alphari,Shen,Maxlore,Sejuani,PowerOfEvil,Syndra,Hans Sama,Varus,IgNar,Thresh,http://matchhistory.na.leagueoflegends.com/en/#match-details/TRLH3/1002300079?gameHash=f8867cc432be45d2
WC,2017,Summer,International,FNC,0,1,RNG,44,sOAZ,Trundle,Broxah,Gragas,Caps,Taliyah,Rekkles,Sivir,Jesiz,Janna,Letme,Chogath,Mlxg,Sejuani,Xiaohu,Ryze,Uzi,Tristana,Ming,Soraka,http://matchhistory.na.leagueoflegends.com/en/#match-details/TRLH3/1002300088?gameHash=42c27c9009697c40
WC,2017,Summer,International,FNC,0,1,RNG,45,sOAZ,Chogath,Broxah,Sejuani,Caps,Taliyah,Rekkles,Vayne,Jesiz,Janna,Letme,Maokai,Mlxg,JarvanIV,Xiaohu,Syndra,Uzi,Tristana,Ming,Soraka,http://matchhistory.na.leagueoflegends.com/en/#match-details/TRLH3/1002300094?gameHash=a8fe36497ac16ec8
WC,2017,Summer,International,FNC,1,0,RNG,55,sOAZ,Gnar,Broxah,Sejuani,Caps,Malzahar,Rekkles,Tristana,Jesiz,Karma,Letme,Chogath,Mlxg,JarvanIV,Xiaohu,Galio,Uzi,KogMaw,Ming,Morgana,http://matchhistory.na.leagueoflegends.com/en/#match-details/TRLH3/1002300096?gameHash=3bde9bdca9ee5df9
WC,2017,Summer,International,FNC,0,1,RNG,41,sOAZ,Gnar,Broxah,Sejuani,Caps,Galio,Rekkles,Varus,Jesiz,Taric,Letme,Shen,Mlxg,JarvanIV,Xiaohu,Corki,Uzi,Twitch,Ming,Soraka,http://matchhistory.na.leagueoflegends.com/en/#match-details/TRLH3/1002300097?gameHash=64cd1c914989aad7
WC,2017,Summer,International,WE,1,0,C9,55,957,Chogath,Condi,Gragas,xiye,Corki,Mystic,KogMaw,Ben,Janna,Impact,Shen,Contractz,JarvanIV,Jensen,AurelionSol,Sneaky,Caitlyn,Smoothie,Lulu,http://matchhistory.na.leagueoflegends.com/en/#match-details/TRLH3/1002300111?gameHash=40a784de55b0393d
WC,2017,Summer,International,C9,1,0,WE,33,Impact,Singed,Contractz,JarvanIV,Jensen,Orianna,Sneaky,Tristana,Smoothie,Taric,957,Maokai,Condi,Sejuani,xiye,Corki,Mystic,KogMaw,Ben,Karma,http://matchhistory.na.leagueoflegends.com/en/#match-details/TRLH3/1002300123?gameHash=508b56bbea26f784
WC,2017,Summer,International,WE,0,1,C9,25,957,Chogath,Condi,Maokai,xiye,Jayce,Mystic,Caitlyn,Ben,Lulu,Impact,Singed,Contractz,JarvanIV,Jensen,Taliyah,Sneaky,Tristana,Smoothie,Janna,http://matchhistory.na.leagueoflegends.com/en/#match-details/TRLH3/1002300125?gameHash=91c5c483e095164f
WC,2017,Summer,International,C9,0,1,WE,34,Impact,Trundle,Contractz,Sejuani,Jensen,Orianna,Sneaky,Xayah,Smoothie,Taric,957,Chogath,Condi,JarvanIV,xiye,Taliyah,Mystic,KogMaw,Ben,Rakan,http://matchhistory.na.leagueoflegends.com/en/#match-details/TRLH3/1002300127?gameHash=e8f8bdeb1b0e9222
WC,2017,Summer,International,WE,1,0,C9,34,957,Gnar,Condi,Gragas,xiye,Galio,Mystic,KogMaw,Ben,Janna,Impact,Shen,Contractz,Sejuani,Jensen,Orianna,Sneaky,Caitlyn,Smoothie,Lulu,http://matchhistory.na.leagueoflegends.com/en/#match-details/TRLH3/1002300130?gameHash=ef944fce188d1db9
WC,2017,Summer,International,RNG,1,0,SKT,39,Letme,Shen,Mlxg,Sejuani,Xiaohu,Malzahar,Uzi,Twitch,Ming,Janna,Huni,Gangplank,Blank,Zac,Faker,Galio,Bang,Tristana,Wolf,Blitzcrank,http://matchhistory.na.leagueoflegends.com/en/#match-details/TRLH1/1002410083?gameHash=387d1887288b1730
WC,2017,Summer,International,SKT,1,0,RNG,31,Huni,Camille,Blank,Gragas,Faker,Galio,Bang,Varus,Wolf,Leona,Letme,Gnar,Mlxg,Nocturne,Xiaohu,Malzahar,Uzi,Twitch,Ming,Rakan,http://matchhistory.na.leagueoflegends.com/en/#match-details/TRLH1/1002410086?gameHash=a2afb49f2dfafef0
WC,2017,Summer,International,RNG,1,0,SKT,24,Letme,Maokai,Mlxg,Sejuani,Xiaohu,Ryze,Uzi,Vayne,Ming,Taric,Huni,Camille,Blank,Zac,Faker,Galio,Bang,Tristana,Wolf,Lulu,http://matchhistory.na.leagueoflegends.com/en/#match-details/TRLH1/1002410088?gameHash=2cdd5b690ff721f2
WC,2017,Summer,International,SKT,1,0,RNG,33,Huni,Gnar,Peanut,Gragas,Faker,Galio,Bang,KogMaw,Wolf,Lulu,Letme,Rumble,Mlxg,JarvanIV,Xiaohu,Ryze,Uzi,Twitch,Ming,Soraka,http://matchhistory.na.leagueoflegends.com/en/#match-details/TRLH1/1002410090?gameHash=8cac6c4a6f69c7ad
WC,2017,Summer,International,RNG,0,1,SKT,42,Letme,Shen,Mlxg,LeeSin,Xiaohu,Corki,Uzi,Tristana,Ming,Taric,Huni,Gnar,Peanut,JarvanIV,Faker,Galio,Bang,Caitlyn,Wolf,Lulu,http://matchhistory.na.leagueoflegends.com/en/#match-details/TRLH1/1002410092?gameHash=c3479aa3094db0cf
WC,2017,Summer,International,WE,1,0,SSG,28,957,Shen,Condi,Gragas,xiye,Kassadin,Mystic,Xayah,Ben,Rakan,CuVee,Kennen,Ambition,JarvanIV,Crown,Taliyah,Ruler,Tristana,CoreJJ,Taric,http://matchhistory.na.leagueoflegends.com/en/#match-details/TRLH1/1002410104?gameHash=a95f3c606e851d91
WC,2017,Summer,International,SSG,1,0,WE,29,CuVee,Gnar,Ambition,Gragas,Crown,Malzahar,Ruler,Varus,CoreJJ,Janna,957,Rumble,Condi,JarvanIV,xiye,Galio,Mystic,Twitch,Ben,Taric,http://matchhistory.na.leagueoflegends.com/en/#match-details/TRLH1/1002410111?gameHash=d96e47e2f7fc396d
WC,2017,Summer,International,WE,0,1,SSG,37,957,Chogath,Condi,JarvanIV,xiye,Orianna,Mystic,Tristana,Ben,Karma,CuVee,Shen,Ambition,Gragas,Crown,Taliyah,Ruler,Varus,CoreJJ,Taric,http://matchhistory.na.leagueoflegends.com/en/#match-details/TRLH1/1002410112?gameHash=c3869ae5626a2be9
WC,2017,Summer,International,SSG,1,0,WE,33,CuVee,Gnar,Ambition,LeeSin,Crown,Galio,Ruler,Varus,CoreJJ,Rakan,957,Kennen,Condi,JarvanIV,xiye,Taliyah,Mystic,KogMaw,Ben,Taric,http://matchhistory.na.leagueoflegends.com/en/#match-details/TRLH1/1002410113?gameHash=b96d1afd2faf089d
WC,2017,Summer,International,SSG,1,0,SKT,38,CuVee,Kennen,Ambition,Zac,Crown,Malzahar,Ruler,Xayah,CoreJJ,Janna,Huni,Gnar,Peanut,Gragas,Faker,Cassiopeia,Bang,Varus,Wolf,Lulu,http://matchhistory.na.leagueoflegends.com/en/#match-details/TRLH3/1002320090?gameHash=a534cb383e6b49dc
WC,2017,Summer,International,SSG,1,0,SKT,35,CuVee,Gnar,Ambition,JarvanIV,Crown,Malzahar,Ruler,Xayah,CoreJJ,Janna,Huni,Yasuo,Peanut,Gragas,Faker,Ryze,Bang,Varus,Wolf,Lulu,http://matchhistory.na.leagueoflegends.com/en/#match-details/TRLH3/1002320097?gameHash=ce10e47aa8e2d965
WC,2017,Summer,International,SSG,1,0,SKT,41,CuVee,Chogath,Ambition,Sejuani,Crown,Malzahar,Ruler,Varus,CoreJJ,Lulu,Huni,Trundle,Blank,Gragas,Faker,Karma,Bang,Tristana,Wolf,Leona,http://matchhistory.na.leagueoflegends.com/en/#match-details/TRLH3/1002320098?gameHash=e0e26db5d9c47f5a